[
  {
    "id": 1,
    "title": "Dune",
    "author": "Frank Herbert",
    "genre": "Sci-Fi",
    "description": "Set on the desert planet Arrakis, Dune is the story of the boy Paul Atreides, heir to a noble family tasked with ruling an inhospitable world where the only thing of value is the "spice" melange, a drug capable of extending life and enhancing consciousness.",
    "pages": 412,
    "publishYear": 1965,
    "language": "English",
    "isbn": "978-0441172719"
  },
  {
    "id": 2,
    "title": "The Hobbit",
    "author": "J.R.R. Tolkien",
    "genre": "Fantasy",
    "description": "Bilbo Baggins is a hobbit who enjoys a comfortable, unambitious life, rarely traveling any farther than his pantry or cellar. But his contentment is disturbed when the wizard Gandalf and a company of dwarves arrive on his doorstep.",
    "pages": 310,
    "publishYear": 1937,
    "language": "English",
    "isbn": "978-0618260300"
  },
  {
    "id": 3,
    "title": "Pride and Prejudice",
    "author": "Jane Austen",
    "genre": "Romance",
    "description": "The story follows the main character, Elizabeth Bennet, as she deals with issues of manners, upbringing, morality, education, and marriage in the society of the landed gentry of the British Regency.",
    "pages": 279,
    "publishYear": 1813,
    "language": "English",
    "isbn": "978-0141439518"
  },
  {
    "id": 4,
    "title": "1984",
    "author": "George Orwell",
    "genre": "Fiction",
    "description": "The novel is set in Airstrip One, formerly Great Britain, a province of the superstate Oceania, whose residents are victims of perpetual war, omnipresent government surveillance, and public manipulation.",
    "pages": 328,
    "publishYear": 1949,
    "language": "English",
    "isbn": "978-0451524935"
  },
  {
    "id": 5,
    "title": "The Great Gatsby",
    "author": "F. Scott Fitzgerald",
    "genre": "Fiction",
    "description": "The story primarily concerns the young and mysterious millionaire Jay Gatsby and his quixotic passion and obsession with the beautiful former debutante Daisy Buchanan.",
    "pages": 180,
    "publishYear": 1925,
    "language": "English",
    "isbn": "978-0743273565"
  },
  {
    "id": 6,
    "title": "To Kill a Mockingbird",
    "author": "Harper Lee",
    "genre": "Fiction",
    "description": "The novel is renowned for its warmth and humor, despite dealing with the serious issues of rape and racial inequality. The narrator's father, Atticus Finch, has served as a moral hero for many readers.",
    "pages": 281,
    "publishYear": 1960,
    "language": "English",
    "isbn": "978-0446310789"
  },
  {
    "id": 7,
    "title": "The Da Vinci Code",
    "author": "Dan Brown",
    "genre": "Thriller",
    "description": "While in Paris, Harvard symbologist Robert Langdon is awakened by a phone call in the dead of the night. The elderly curator of the Louvre has been murdered inside the museum, his body covered in baffling symbols.",
    "pages": 454,
    "publishYear": 2003,
    "language": "English",
    "isbn": "978-0307474278"
  },
  {
    "id": 8,
    "title": "Harry Potter and the Philosopher's Stone",
    "author": "J.K. Rowling",
    "genre": "Fantasy",
    "description": "Harry Potter has no idea how famous he is. That's because he's being raised by his miserable aunt and uncle who are terrified Harry will learn that he's really a wizard, just as his parents were.",
    "pages": 223,
    "publishYear": 1997,
    "language": "English",
    "isbn": "978-0747532699"
  },
  {
    "id": 9,
    "title": "The Lord of the Rings",
    "author": "J.R.R. Tolkien",
    "genre": "Fantasy",
    "description": "One Ring to rule them all, One Ring to find them, One Ring to bring them all and in the darkness bind them. In ancient times the Rings of Power were crafted by the Elven-smiths, and Sauron, the Dark Lord, forged the One Ring.",
    "pages": 1178,
    "publishYear": 1954,
    "language": "English",
    "isbn": "978-0618640157"
  },
  {
    "id": 10,
    "title": "The Alchemist",
    "author": "Paulo Coelho",
    "genre": "Fiction",
    "description": "Paulo Coelho's masterpiece tells the mystical story of Santiago, an Andalusian shepherd boy who yearns to travel in search of a worldly treasure. His quest will lead him to riches far different—and far more satisfying—than he ever imagined.",
    "pages": 197,
    "publishYear": 1988,
    "language": "Portuguese",
    "isbn": "978-0062315007"
  },
  {
    "id": 11,
    "title": "The Catcher in the Rye",
    "author": "J.D. Salinger",
    "genre": "Fiction",
    "description": "The hero-narrator of The Catcher in the Rye is an ancient child of sixteen, a native New Yorker named Holden Caulfield. Through circumstances that tend to preclude adult, secondhand description, he leaves his prep school in Pennsylvania and goes underground in New York City for three days.",
    "pages": 234,
    "publishYear": 1951,
    "language": "English",
    "isbn": "978-0316769488"
  },
  {
    "id": 12,
    "title": "A Brief History of Time",
    "author": "Stephen Hawking",
    "genre": "Biography",
    "description": "A landmark volume in science writing by one of the great minds of our time, Stephen Hawking's book explores such profound questions as: How did the universe begin—and what made its start possible? Does time always flow forward? Is the universe unending—or are there boundaries?",
    "pages": 212,
    "publishYear": 1988,
    "language": "English",
    "isbn": "978-0553380163"
  },
  {
    "id": 13,
    "title": "The Hunger Games",
    "author": "Suzanne Collins",
    "genre": "Sci-Fi",
    "description": "In the ruins of a place once known as North America lies the nation of Panem, a shining Capitol surrounded by twelve outlying districts. The Capitol is harsh and cruel and keeps the districts in line by forcing them all to send one boy and one girl to participate in the annual Hunger Games.",
    "pages": 374,
    "publishYear": 2008,
    "language": "English",
    "isbn": "978-0439023481"
  },
  {
    "id": 14,
    "title": "The Odyssey",
    "author": "Homer",
    "genre": "History",
    "description": "The Odyssey is one of two major ancient Greek epic poems attributed to Homer. It is, in part, a sequel to the Iliad, the other Homeric epic. The Odyssey is fundamental to the modern Western canon; it is the second-oldest extant work of Western literature, while the Iliad is the oldest.",
    "pages": 442,
    "publishYear": -800,
    "language": "Ancient Greek",
    "isbn": "978-0140268867"
  },
  {
    "id": 15,
    "title": "And Then There Were None",
    "author": "Agatha Christie",
    "genre": "Thriller",
    "description": "Ten strangers, apparently with little in common, are lured to an island mansion off the coast of Devon by the mysterious U.N. Owen. Over dinner, a record begins to play, and the voice of an unseen host accuses each person of hiding a guilty secret.",
    "pages": 264,
    "publishYear": 1939,
    "language": "English",
    "isbn": "978-0062073488"
  }
]
